Model,RMSE,MAE,MAPE
ARIMA,4026.8487611700443,3379.677164402939,9.345339824600753
ETS,3910.7038230446906,3166.5063662549874,9.474394931917432
